{
  "name": "Dracula Pro Buffy",
  "cursorColor": "#9F70A9",
  "selectionBackground": "#544158",
  "background": "#2A212C",
  "black": "#2A212C",
  "blue": "#9580FF",
  "brightBlack": "#624C67",
  "brightBlue": "#AA99FF",
  "brightCyan": "#99FFEE",
  "brightGreen": "#A2FF99",
  "brightPurple": "#FF99CC",
  "brightRed": "#FFAA99",
  "brightWhite": "#FFFFFF",
  "brightYellow": "#FFFF99",
  "cyan": "#80FFEA",
  "foreground": "#F8F8F2",
  "green": "#8AFF80",
  "purple": "#FF80BF",
  "red": "#FF9580",
  "white": "#F8F8F2",
  "yellow": "#FFFF80"
}
