{
  "name": "Dracula Pro Morbius",
  "cursorColor": "#A97079",
  "selectionBackground": "#584145",
  "background": "#2C2122",
  "black": "#2C2122",
  "blue": "#9580FF",
  "brightBlack": "#674C50",
  "brightBlue": "#AA99FF",
  "brightCyan": "#99FFEE",
  "brightGreen": "#A2FF99",
  "brightPurple": "#FF99CC",
  "brightRed": "#FFAA99",
  "brightWhite": "#FFFFFF",
  "brightYellow": "#FFFF99",
  "cyan": "#80FFEA",
  "foreground": "#F8F8F2",
  "green": "#8AFF80",
  "purple": "#FF80BF",
  "red": "#FF9580",
  "white": "#F8F8F2",
  "yellow": "#FFFF80"
}
