{
  "name": "Dracula Pro Van Helsing",
  "cursorColor": "#708CA9",
  "selectionBackground": "#414D58",
  "background": "#0B0D0F",
  "black": "#0B0D0F",
  "blue": "#9580FF",
  "brightBlack": "#364049",
  "brightBlue": "#AA99FF",
  "brightCyan": "#99FFEE",
  "brightGreen": "#A2FF99",
  "brightPurple": "#FF99CC",
  "brightRed": "#FFAA99",
  "brightWhite": "#FFFFFF",
  "brightYellow": "#FFFF99",
  "cyan": "#80FFEA",
  "foreground": "#F8F8F2",
  "green": "#8AFF80",
  "purple": "#FF80BF",
  "red": "#FF9580",
  "white": "#F8F8F2",
  "yellow": "#FFFF80"
}
