{
  "name": "Dracula Pro Blade",
  "cursorColor": "#70A99F",
  "selectionBackground": "#415854",
  "background": "#212C2A",
  "black": "#212C2A",
  "blue": "#9580FF",
  "brightBlack": "#4C6762",
  "brightBlue": "#AA99FF",
  "brightCyan": "#99FFEE",
  "brightGreen": "#A2FF99",
  "brightPurple": "#FF99CC",
  "brightRed": "#FFAA99",
  "brightWhite": "#FFFFFF",
  "brightYellow": "#FFFF99",
  "cyan": "#80FFEA",
  "foreground": "#F8F8F2",
  "green": "#8AFF80",
  "purple": "#FF80BF",
  "red": "#FF9580",
  "white": "#F8F8F2",
  "yellow": "#FFFF80"
}
