{
  "name": "Dracula Pro Alucard",
  "cursorColor": "#635D97",
  "selectionBackground": "#CFCFDE",
  "background": "#F5F5F5",
  "black": "#F5F5F5",
  "blue": "#644AC9",
  "brightBlack": "#FFFFFF",
  "brightBlue": "#7862D0",
  "brightCyan": "#047FB4",
  "brightGreen": "#198D0C",
  "brightPurple": "#BF185A",
  "brightRed": "#D74C3D",
  "brightWhite": "#2C2B31",
  "brightYellow": "#9E841A",
  "cyan": "#036A96",
  "foreground": "#1F1F1F",
  "green": "#14710A",
  "purple": "#A3144D",
  "red": "#CB3A2A",
  "white": "#1F1F1F",
  "yellow": "#846E15"
}
